<?xml version="1.0" encoding="UTF-8"?>
<project-private xmlns="http://www.netbeans.org/ns/project-private/1">
    <editor-bookmarks xmlns="http://www.netbeans.org/ns/editor-bookmarks/2" lastBookmarkId="0"/>
    <open-files xmlns="http://www.netbeans.org/ns/projectui-open-files/2">
        <group>
            <file>file:/D:/Descargas/Proyecto-main/Proyecto-main/Gestion%20de%20Cotizaciones%20del%20Almacen%20de%20Linea%20Electrica/src/gestiondecotizacionesdelalmacendelineaelectrica/Usuario.java</file>
            <file>file:/D:/Descargas/Proyecto-main/Proyecto-main/Gestion%20de%20Cotizaciones%20del%20Almacen%20de%20Linea%20Electrica/src/gestiondecotizacionesdelalmacendelineaelectrica/Cotizacion.java</file>
            <file>file:/D:/Descargas/Proyecto-main/Proyecto-main/Gestion%20de%20Cotizaciones%20del%20Almacen%20de%20Linea%20Electrica/src/gestiondecotizacionesdelalmacendelineaelectrica/Ppal.java</file>
            <file>file:/D:/Descargas/Proyecto-main/Proyecto-main/Gestion%20de%20Cotizaciones%20del%20Almacen%20de%20Linea%20Electrica/src/gestiondecotizacionesdelalmacendelineaelectrica/DetalleCotizacion.java</file>
            <file>file:/D:/Descargas/Proyecto-main/Proyecto-main/Gestion%20de%20Cotizaciones%20del%20Almacen%20de%20Linea%20Electrica/src/gestiondecotizacionesdelalmacendelineaelectrica/Cliente.java</file>
            <file>file:/D:/Descargas/Proyecto-main/Proyecto-main/Gestion%20de%20Cotizaciones%20del%20Almacen%20de%20Linea%20Electrica/src/gestiondecotizacionesdelalmacendelineaelectrica/Empleado.java</file>
            <file>file:/D:/Descargas/Proyecto-main/Proyecto-main/Gestion%20de%20Cotizaciones%20del%20Almacen%20de%20Linea%20Electrica/src/gestiondecotizacionesdelalmacendelineaelectrica/Almacen.java</file>
            <file>file:/D:/Descargas/Proyecto-main/Proyecto-main/Gestion%20de%20Cotizaciones%20del%20Almacen%20de%20Linea%20Electrica/src/gestiondecotizacionesdelalmacendelineaelectrica/Producto.java</file>
        </group>
    </open-files>
</project-private>
